{"0.016": 0.010280690363920857, "0.01": 0.010181214319813918, "0.02": 0.01182376385880579, "0.03": 0.013518185093414195, "0.04": 0.014136314039448448, "0.05": 0.01540289356753799, "0.06": 0.016122749364320368, "0.07": 0.017329329931247094, "0.08": 0.017802262183655285, "0.09": 0.018198271062126393}