{"0.01": 0.00972604955147504, "0.02": 0.01266145458540282, "0.03": 0.014332026342795668, "0.04": 0.016513554674463405, "0.05": 0.01711157051148656, "0.06": 0.018582611584324622, "0.07": 0.017920375687002367, "0.08": 0.018967045608055337, "0.09": 0.018936758057433997}