{"0.0125": 0.012979637435578274, "0.01": 0.009903553431341456, "0.02": 0.013711806069903718, "0.03": 0.01640733643846947, "0.04": 0.017276844408715065, "0.05": 0.018806032113060388, "0.06": 0.01802247611421134, "0.07": 0.018959525826165568, "0.08": 0.020470734638262367, "0.09": 0.020263555204740265}