{"0.01": 0.0068593792859563164, "0.02": 0.009779328572012573, "0.03": 0.011617625724950115, "0.04": 0.01304561999793346, "0.05": 0.013673086833611254, "0.06": 0.014725956900594453, "0.07": 0.01582041161011399, "0.08": 0.015972725435930615, "0.09": 0.015715835739231136}