{"0.01": 0.0077041662892327984, "0.025": 0.016936048723640542, "0.02": 0.010074733297457332, "0.03": 0.012286883764666247, "0.04": 0.013794505988991537, "0.05": 0.01434849985594495, "0.06": 0.014521001154237061, "0.07": 0.01562788080506643, "0.08": 0.016354404159513634, "0.09": 0.016936048723640542}