{"0.008": 0.011776468035789543, "0.01": 0.01206247227747169, "0.02": 0.015289828821280873, "0.03": 0.016922131633586853, "0.04": 0.01922492445146585, "0.05": 0.019624862362880267, "0.06": 0.021422215073435696, "0.07": 0.021615996767804735, "0.08": 0.023513711871825493, "0.09": 0.02130206423864464}