{"0.01": 0.006294486446170634, "0.02": 0.009151879014013022, "0.03": 0.010728828261943615, "0.04": 0.011709186930342393, "0.05": 0.013376958969396805, "0.06": 0.014452311832782774, "0.07": 0.015203501163718089, "0.08": 0.015601113346699471, "0.09": 0.015369789362445088}