{"0.01": 0.007075658488903341, "0.02": 0.009756102244286859, "0.03": 0.011809482999214888, "0.04": 0.012613853616598026, "0.05": 0.013738740698241726, "0.06": 0.01465307578521873, "0.07": 0.01541261050810699, "0.08": 0.01567072349871723, "0.09": 0.01647039708700543}