{"0.01": 0.007597887529258157, "0.02": 0.010633654609429704, "0.03": 0.012532465923494135, "0.04": 0.013700481958143804, "0.05": 0.015528781153390755, "0.06": 0.01503091454190003, "0.07": 0.016375285974716366, "0.08": 0.017736439515464386, "0.09": 0.017581662423323877}