{"0.01": 0.008975697527087923, "0.02": 0.012325370194503507, "0.03": 0.014540220058150791, "0.04": 0.016058399161957587, "0.05": 0.016255581047158556, "0.06": 0.01706454114824464, "0.07": 0.018291787358359637, "0.08": 0.01797686907442554, "0.09": 0.017888986024107784}