{"0.01": 0.0077571863588194135, "0.02": 0.009814984204195597, "0.03": 0.011796632522146992, "0.04": 0.01323139263618003, "0.05": 0.013714595576888658, "0.06": 0.014655435760919596, "0.07": 0.01541714063209031, "0.08": 0.015682838253491354, "0.09": 0.01669575336262456}